id,label,dir,first_ms,last_ms,frames,text
1,unlabelled,0001-unlabelled,316,333,2,WAITING FOR / 8 BITS CPU
2,unlabelled,0002-unlabelled,416,449,2,SETTING / DEFAULT VALUES / PRESS START
3,boot,0003-boot,699,699,1,
4,boot,0004-boot,1099,1099,1,BALLS OK
5,boot-setting-country,0005-boot-setting-country,2183,2183,1,
6,boot-setting-country,0006-boot-setting-country,2266,2266,1,
7,boot-setting-country,0007-boot-setting-country,2316,10616,355,
8,attract,0008-attract,10650,11166,20,
9,attract,0009-attract,11200,11200,1,
10,attract,0010-attract,11233,12666,2,
11,attract,0011-attract,14100,15550,3,
12,attract,0012-attract,16966,16966,1,
13,attract,0013-attract,18400,18400,1,
14,attract,0014-attract,19816,19816,1,
15,attract,0015-attract,19833,19833,1,
16,attract,0016-attract,19849,20016,6,
17,attract,0017-attract,20066,20233,4,
18,attract,0018-attract,20283,20449,4,
19,attract,0019-attract,20499,20666,4,
20,attract,0020-attract,20716,21433,14,
21,attract,0021-attract,21483,21483,1,
22,attract,0022-attract,21499,21499,1,
23,attract,0023-attract,21516,21533,2,
24,attract,0024-attract,22383,22383,1,
25,attract,0025-attract,22399,23599,16,
26,attract,0026-attract,24466,24466,1,
27,attract,0027-attract,24499,25699,19,
28,attract,0028-attract,26566,26566,1,
29,attract,0029-attract,26599,26949,13,
30,attract,0030-attract,27849,27849,1,
31,attract,0031-attract,27866,36783,376,
32,attract,0032-attract,36799,36799,1,
33,attract,0033-attract,36833,36833,1,
34,attract,0034-attract,38266,38266,1,
35,attract,0035-attract,39699,39699,1,
36,attract,0036-attract,41133,42566,2,
37,attract,0037-attract,43983,43983,1,
38,attract,0038-attract,44016,44166,4,
39,attract,0039-attract,44233,44399,4,
40,attract,0040-attract,44449,44616,4,
41,attract,0041-attract,44666,44833,4,
42,attract,0042-attract,44883,45649,17,
43,attract,0043-attract,45666,45666,1,
44,attract,0044-attract,45683,45699,2,
45,attract,0045-attract,46566,50000,78,
46,attract,0046-attract,50083,55633,121,
47,attract,0047-attract,55650,55650,1,
48,attract,0048-attract,55666,55666,1,
49,attract,0049-attract,55700,55700,1,S.
50,attract,0050-attract,55716,55716,1,S.M
51,attract,0051-attract,55750,56400,27,S.MOONLIGHT / 300.000.000 / . .
52,attract,0052-attract,57266,57266,1,
53,attract,0053-attract,57300,57300,1,
54,attract,0054-attract,57316,57316,1,J.
55,attract,0055-attract,57350,58016,24,J.SUNSHINE / 200.000.000 / . .
56,attract,0056-attract,58900,58900,1,
57,attract,0057-attract,58933,58933,1,
58,attract,0058-attract,58950,58950,1,B.
59,attract,0059-attract,58983,58983,1,B.S
60,attract,0060-attract,59016,59016,1,B.ST
61,attract,0061-attract,59033,59650,25,B.STARWAY / 100.000.000 / . .
62,attract,0062-attract,60533,60533,1,
63,attract,0063-attract,60550,60550,1,
64,attract,0064-attract,60616,69466,376,
65,attract,0065-attract,69483,69483,1,
66,attract,0066-attract,69500,69500,1,
67,attract,0067-attract,69516,70950,3,
68,attract,0068-attract,72400,73833,2,
69,attract,0069-attract,75250,75250,1,
70,attract,0070-attract,76700,76700,1,
71,attract,0071-attract,78100,78100,1,
72,attract,0072-attract,78133,78300,4,
73,attract,0073-attract,78350,78516,4,
74,attract,0074-attract,78566,78733,4,
75,attract,0075-attract,78783,78950,4,
76,attract,0076-attract,79016,79733,18,
77,attract,0077-attract,79783,79783,1,
78,attract,0078-attract,79800,79816,2,
79,attract,0079-attract,80700,82683,29,
80,attract,0080-attract,82783,85966,71,
81,attract,0081-attract,86016,86016,1,
82,attract,0082-attract,86083,88616,55,
83,attract,0083-attract,88666,88666,1,
84,attract,0084-attract,88716,88716,1,
85,attract,0085-attract,88783,88783,1,
86,attract,0086-attract,88833,88833,1,
87,attract,0087-attract,88883,88883,1,
88,attract,0088-attract,88933,88933,1,
89,attract,0089-attract,89000,89000,1,
90,attract,0090-attract,89050,89050,1,
91,attract,0091-attract,89100,90166,28,
92,attract,0092-attract,90216,90216,1,
93,attract,0093-attract,90266,90266,1,
94,attract,0094-attract,90316,90316,1,
95,attract,0095-attract,90383,90383,1,
96,attract,0096-attract,90433,90433,1,
97,attract,0097-attract,90483,90483,1,
98,attract,0098-attract,90550,90550,1,
99,attract,0099-attract,90600,90600,1,
100,attract,0100-attract,90650,90650,1,
101,attract,0101-attract,90700,90700,1,
102,attract,0102-attract,90766,90766,1,
103,attract,0103-attract,90816,90816,1,
104,attract,0104-attract,90866,90866,1,
105,attract,0105-attract,90933,90933,1,
106,attract,0106-attract,90983,90983,1,
107,attract,0107-attract,91033,91033,1,
108,attract,0108-attract,91083,91083,1,
109,attract,0109-attract,91150,91150,1,
110,attract,0110-attract,91200,91200,1,
111,attract,0111-attract,91250,91250,1,
112,attract,0112-attract,91316,91316,1,
113,attract,0113-attract,91366,91366,1,
114,attract,0114-attract,91416,91416,1,
115,attract,0115-attract,91466,91466,1,
116,attract,0116-attract,91533,91533,1,
117,attract,0117-attract,91583,91583,1,
118,attract,0118-attract,91633,91633,1,
119,attract,0119-attract,91700,91700,1,
120,attract,0120-attract,91750,91933,7,
121,attract,0121-attract,91983,91983,1,
122,attract,0122-attract,92033,92033,1,
123,attract,0123-attract,92083,92083,1,
124,attract,0124-attract,92150,92150,1,
125,attract,0125-attract,92200,92200,1,
126,attract,0126-attract,92250,92250,1,
127,attract,0127-attract,92316,92316,1,
128,attract,0128-attract,92366,92366,1,
129,attract,0129-attract,92416,92416,1,
130,attract,0130-attract,92500,92500,1,
131,attract,0131-attract,92533,92533,1,
132,attract,0132-attract,92583,101450,376,
133,attract,0133-attract,101466,101466,1,
134,attract,0134-attract,101483,102933,3,
135,attract,0135-attract,104366,105800,2,
136,attract,0136-attract,107233,107233,1,
137,attract,0137-attract,108666,108666,1,
138,attract,0138-attract,110083,110083,1,
139,attract,0139-attract,110100,110266,4,
140,attract,0140-attract,110316,110483,4,
141,attract,0141-attract,110550,110600,2,
142,credit,0142-credit,110650,110700,2,
143,credit,0143-credit,110766,110766,1,
144,credit,0144-credit,111200,111200,1,
145,credit,0145-credit,111233,111233,1,
146,credit,0146-credit,111666,111666,1,
147,credit,0147-credit,111683,111683,1,
148,credit,0148-credit,111700,112616,38,
149,ball-1-start,0149-ball-1-start,112633,112666,2,
150,ball-1-start,0150-ball-1-start,112700,112700,1,
151,ball-1-start,0151-ball-1-start,112716,112716,1,
152,ball-1-start,0152-ball-1-start,112750,112750,1,
153,ball-1-start,0153-ball-1-start,112800,112800,1,
154,ball-1-start,0154-ball-1-start,112850,112916,3,
155,ball-1-start,0155-ball-1-start,112966,112966,1,
156,ball-1-start,0156-ball-1-start,113016,113050,2,
157,ball-1-start,0157-ball-1-start,113083,113083,1,
158,ball-1-start,0158-ball-1-start,113133,113133,1,
159,ball-1-start,0159-ball-1-start,113183,113216,2,
160,ball-1-start,0160-ball-1-start,113233,113233,1,
161,ball-1-start,0161-ball-1-start,113300,113300,1,
162,ball-1-start,0162-ball-1-start,113350,113383,2,
163,ball-1-start,0163-ball-1-start,113400,113416,2,
164,ball-1-start,0164-ball-1-start,113466,113466,1,
165,ball-1-start,0165-ball-1-start,113516,113550,3,
166,ball-1-start,0166-ball-1-start,113566,113583,2,
167,ball-1-start,0167-ball-1-start,113616,113633,2,
168,ball-1-start,0168-ball-1-start,113683,113716,3,
169,ball-1-start,0169-ball-1-start,113733,113800,4,
170,ball-1-start,0170-ball-1-start,113850,113900,3,
171,ball-1-start,0171-ball-1-start,113916,113950,2,
172,ball-1-start,0172-ball-1-start,113966,113966,1,
173,ball-1-start,0173-ball-1-start,114016,114050,2,
174,ball-1-start,0174-ball-1-start,114083,114083,1,
175,ball-1-start,0175-ball-1-start,114133,114133,1,
176,ball-1-start,0176-ball-1-start,114183,114216,2,
177,ball-1-start,0177-ball-1-start,114233,114233,1,
178,ball-1-start,0178-ball-1-start,114300,114300,1,
179,ball-1-start,0179-ball-1-start,114350,114383,2,
180,ball-1-start,0180-ball-1-start,114400,114400,1,
181,ball-1-start,0181-ball-1-start,114466,114466,1,
182,ball-1-start,0182-ball-1-start,114516,114550,2,
183,ball-1-start,0183-ball-1-start,114566,114566,1,
184,ball-1-start,0184-ball-1-start,114616,114616,1,
185,ball-1-start,0185-ball-1-start,114683,114700,2,
186,ball-1-start,0186-ball-1-start,114733,114733,1,
187,ball-1-start,0187-ball-1-start,114783,114783,1,
188,ball-1-start,0188-ball-1-start,114850,114866,2,
189,ball-1-start,0189-ball-1-start,114900,114900,1,
190,ball-1-start,0190-ball-1-start,114950,114950,1,
191,ball-1-start,0191-ball-1-start,115016,115033,2,
192,ball-1-start,0192-ball-1-start,115066,115066,1,
193,ball-1-start,0193-ball-1-start,115116,115116,1,
194,ball-1-in-play,0194-ball-1-in-play,115166,115200,2,
195,ball-1-in-play,0195-ball-1-in-play,115233,115233,1,
196,ball-1-in-play,0196-ball-1-in-play,115283,115283,1,
197,ball-1-in-play,0197-ball-1-in-play,115333,115366,2,
198,ball-1-in-play,0198-ball-1-in-play,115400,117683,46,
199,ball-1-in-play,0199-ball-1-in-play,118216,118216,1,
200,ball-1-in-play,0200-ball-1-in-play,118233,118733,2,
201,ball-1-in-play,0201-ball-1-in-play,118766,119033,3,
202,ball-1-in-play,0202-ball-1-in-play,119066,119066,1,
203,ball-1-in-play,0203-ball-1-in-play,119083,119083,1,
204,ball-1-in-play,0204-ball-1-in-play,119150,119533,8,
205,ball-1-in-play,0205-ball-1-in-play,119550,119550,1,
206,ball-1-in-play,0206-ball-1-in-play,119566,119566,1,
207,ball-1-in-play,0207-ball-1-in-play,119583,119600,2,
208,ball-1-in-play,0208-ball-1-in-play,119633,119633,1,
209,ball-1-in-play,0209-ball-1-in-play,119650,119650,1,
210,ball-1-in-play,0210-ball-1-in-play,119716,119716,1,
211,ball-1-in-play,0211-ball-1-in-play,119733,119733,1,
212,ball-1-in-play,0212-ball-1-in-play,119783,119850,2,
213,ball-1-in-play,0213-ball-1-in-play,119866,119916,2,
214,ball-1-in-play,0214-ball-1-in-play,119933,119933,1,
215,ball-1-in-play,0215-ball-1-in-play,120016,120016,1,
216,ball-1-in-play,0216-ball-1-in-play,120066,120066,1,
217,ball-1-in-play,0217-ball-1-in-play,120150,120150,1,
218,ball-1-in-play,0218-ball-1-in-play,120200,120200,1,
219,ball-1-in-play,0219-ball-1-in-play,120283,120283,1,
220,ball-1-in-play,0220-ball-1-in-play,120333,120333,1,
221,ball-1-in-play,0221-ball-1-in-play,120416,120416,1,
222,ball-1-in-play,0222-ball-1-in-play,120466,120466,1,
223,ball-1-in-play,0223-ball-1-in-play,120550,120550,1,
224,ball-1-in-play,0224-ball-1-in-play,120616,120616,1,
225,ball-1-in-play,0225-ball-1-in-play,120666,120716,2,
226,ball-1-in-play,0226-ball-1-in-play,120750,127716,47,
227,ball-1-in-play,0227-ball-1-in-play,127733,127733,1,
228,ball-1-in-play,0228-ball-1-in-play,127750,129583,28,
229,ball-1-in-play,0229-ball-1-in-play,129599,129599,1,
230,ball-1-in-play,0230-ball-1-in-play,129616,130016,14,
231,ball-1-in-play,0231-ball-1-in-play,130083,130083,1,
232,ball-1-in-play,0232-ball-1-in-play,130099,131933,29,
233,ball-1-in-play,0233-ball-1-in-play,131949,131949,1,
234,ball-1-in-play,0234-ball-1-in-play,131983,132399,9,
235,ball-1-in-play,0235-ball-1-in-play,132416,132416,1,
236,ball-1-in-play,0236-ball-1-in-play,132449,134266,27,
237,ball-1-in-play,0237-ball-1-in-play,134299,134683,9,
238,ball-1-in-play,0238-ball-1-in-play,134733,134733,1,
239,ball-1-in-play,0239-ball-1-in-play,134766,136583,28,
240,ball-1-in-play,0240-ball-1-in-play,136616,136616,1,
241,ball-1-in-play,0241-ball-1-in-play,136633,147316,124,
242,ball-1-drained,0242-ball-1-drained,147499,148833,9,
243,ball-1-drained,0243-ball-1-drained,148849,149949,3,
244,ball-1-drained,0244-ball-1-drained,149966,151083,3,
245,ball-1-drained,0245-ball-1-drained,151116,151149,2,
246,ball-1-drained,0246-ball-1-drained,151166,151283,3,
247,ball-1-drained,0247-ball-1-drained,151333,151333,1,
248,ball-1-drained,0248-ball-1-drained,151399,151399,1,
249,ball-1-drained,0249-ball-1-drained,151449,151466,2,
250,ball-1-drained,0250-ball-1-drained,151499,151516,2,
251,ball-1-drained,0251-ball-1-drained,151549,151566,2,
252,ball-1-drained,0252-ball-1-drained,151616,151733,5,
253,ball-1-drained,0253-ball-1-drained,151783,151833,2,
254,ball-1-drained,0254-ball-1-drained,151849,151883,2,
255,ball-1-drained,0255-ball-1-drained,151899,151933,2,
256,ball-1-drained,0256-ball-1-drained,151949,151949,1,
257,ball-1-drained,0257-ball-1-drained,152016,152016,1,
258,ball-1-drained,0258-ball-1-drained,152066,152066,1,
259,ball-1-drained,0259-ball-1-drained,152116,152116,1,
260,ball-1-drained,0260-ball-1-drained,152166,152166,1,
261,ball-1-drained,0261-ball-1-drained,152233,152233,1,
262,ball-1-drained,0262-ball-1-drained,152283,152283,1,
263,ball-1-drained,0263-ball-1-drained,152333,152333,1,
264,ball-1-drained,0264-ball-1-drained,152399,152399,1,
265,ball-1-drained,0265-ball-1-drained,152449,152449,1,
266,ball-1-drained,0266-ball-1-drained,152499,152499,1,
267,ball-1-drained,0267-ball-1-drained,152549,152549,1,
268,ball-1-drained,0268-ball-1-drained,152616,152616,1,
269,ball-1-drained,0269-ball-1-drained,152666,152666,1,
270,ball-1-drained,0270-ball-1-drained,152716,152716,1,
271,ball-1-drained,0271-ball-1-drained,152783,152783,1,
272,ball-1-drained,0272-ball-1-drained,152833,152833,1,
273,ball-1-drained,0273-ball-1-drained,152883,152883,1,
274,ball-1-drained,0274-ball-1-drained,152933,152933,1,
275,ball-1-drained,0275-ball-1-drained,152999,152999,1,
276,ball-1-drained,0276-ball-1-drained,153049,153049,1,
277,ball-1-drained,0277-ball-1-drained,153099,153099,1,
278,ball-1-drained,0278-ball-1-drained,153166,153166,1,
279,ball-1-drained,0279-ball-1-drained,153216,153216,1,
280,ball-1-drained,0280-ball-1-drained,153266,153266,1,
281,ball-1-drained,0281-ball-1-drained,153316,153316,1,
282,ball-1-drained,0282-ball-1-drained,153383,153383,1,
283,ball-1-drained,0283-ball-1-drained,153433,153433,1,
284,ball-1-drained,0284-ball-1-drained,153483,153499,2,
285,ball-1-drained,0285-ball-1-drained,153549,153549,1,
286,ball-1-drained,0286-ball-1-drained,153599,154266,20,
287,ball-2-in-play,0287-ball-2-in-play,154316,156633,23,3. 8.743
288,ball-2-in-play,0288-ball-2-in-play,156666,157483,18,
289,ball-2-in-play,0289-ball-2-in-play,157516,157566,3,
290,ball-2-in-play,0290-ball-2-in-play,157599,158433,23,
291,ball-2-in-play,0291-ball-2-in-play,158466,159616,8,
292,drop-bank-2-down,0292-drop-bank-2-down,159799,160716,7,
293,drop-bank-2-down,0293-drop-bank-2-down,160749,161566,17,
294,drop-bank-2-down,0294-drop-bank-2-down,161599,161916,6,3. 5. 8
295,drop-bank-2-down,0295-drop-bank-2-down,161933,162699,16,
296,drop-bank-2-down,0296-drop-bank-2-down,162766,162766,1,
297,drop-bank-2-down,0297-drop-bank-2-down,162783,163949,10,
298,drop-bank-4-down,0298-drop-bank-4-down,164149,165083,6,: 95
299,drop-bank-4-down,0299-drop-bank-4-down,165099,165949,26,
300,drop-bank-4-down,0300-drop-bank-4-down,165966,167116,7,
301,drop-bank-5-down,0301-drop-bank-5-down,167316,171199,25,
302,drop-bank-5-down,0302-drop-bank-5-down,171366,171366,1,
303,drop-bank-5-down,0303-drop-bank-5-down,171399,171399,1,
304,ball-2-drained,0304-ball-2-drained,200849,200883,2,
305,ball-2-drained,0305-ball-2-drained,200916,202049,5,
306,ball-2-drained,0306-ball-2-drained,202083,202099,2,
307,ball-2-drained,0307-ball-2-drained,202133,202233,3,
308,ball-2-drained,0308-ball-2-drained,202299,202299,1,
309,ball-2-drained,0309-ball-2-drained,202349,202349,1,
310,ball-2-drained,0310-ball-2-drained,202399,202399,1,
311,ball-2-drained,0311-ball-2-drained,202466,202466,1,
312,ball-2-drained,0312-ball-2-drained,202516,202516,1,
313,ball-2-drained,0313-ball-2-drained,202566,202566,1,
314,ball-2-drained,0314-ball-2-drained,202616,202616,1,
315,ball-2-drained,0315-ball-2-drained,202683,202683,1,
316,ball-2-drained,0316-ball-2-drained,202733,202733,1,
317,ball-2-drained,0317-ball-2-drained,202783,202783,1,
318,ball-2-drained,0318-ball-2-drained,202849,202849,1,
319,ball-2-drained,0319-ball-2-drained,202899,202899,1,
320,ball-2-drained,0320-ball-2-drained,202949,202949,1,
321,ball-2-drained,0321-ball-2-drained,203016,203016,1,
322,ball-2-drained,0322-ball-2-drained,203066,203066,1,
323,ball-2-drained,0323-ball-2-drained,203116,203116,1,
324,ball-2-drained,0324-ball-2-drained,203166,203166,1,
325,ball-2-drained,0325-ball-2-drained,203233,203233,1,
326,ball-2-drained,0326-ball-2-drained,203283,203283,1,
327,ball-2-drained,0327-ball-2-drained,203333,203333,1,
328,ball-2-drained,0328-ball-2-drained,203399,203399,1,
329,ball-2-drained,0329-ball-2-drained,203449,203466,2,
330,ball-2-drained,0330-ball-2-drained,203499,203516,2,
331,ball-2-drained,0331-ball-2-drained,203549,203566,2,
332,ball-2-drained,0332-ball-2-drained,203616,203733,5,
333,ball-2-drained,0333-ball-2-drained,203783,203833,2,
334,ball-2-drained,0334-ball-2-drained,203849,203883,2,
335,ball-2-drained,0335-ball-2-drained,203899,203933,2,
336,ball-2-drained,0336-ball-2-drained,203949,203949,1,
337,ball-2-drained,0337-ball-2-drained,204016,204016,1,
338,ball-2-drained,0338-ball-2-drained,204066,204066,1,
339,ball-2-drained,0339-ball-2-drained,204116,204116,1,
340,ball-2-drained,0340-ball-2-drained,204166,204166,1,
341,ball-2-drained,0341-ball-2-drained,204233,204233,1,
342,ball-2-drained,0342-ball-2-drained,204283,204283,1,
343,ball-2-drained,0343-ball-2-drained,204333,204333,1,
344,ball-2-drained,0344-ball-2-drained,204399,204399,1,
345,ball-2-drained,0345-ball-2-drained,204449,204449,1,
346,ball-2-drained,0346-ball-2-drained,204499,204499,1,
347,ball-2-drained,0347-ball-2-drained,204549,204549,1,
348,ball-2-drained,0348-ball-2-drained,204616,204616,1,
349,ball-2-drained,0349-ball-2-drained,204666,204666,1,
350,ball-2-drained,0350-ball-2-drained,204716,207316,29,
351,ball-3-in-play,0351-ball-3-in-play,207499,221166,102,
352,ball-3-in-play,0352-ball-3-in-play,221233,221783,3,
353,ball-3-in-play,0353-ball-3-in-play,221799,222216,5,
354,ball-3-in-play,0354-ball-3-in-play,222399,222399,1,
355,ball-3-in-play,0355-ball-3-in-play,222433,224249,29,
356,ball-3-in-play,0356-ball-3-in-play,224283,224716,10,
357,ball-3-in-play,0357-ball-3-in-play,224749,224749,1,
358,ball-3-in-play,0358-ball-3-in-play,224783,226516,25,
359,ball-3-in-play,0359-ball-3-in-play,226566,226566,1,
360,ball-3-in-play,0360-ball-3-in-play,226599,227033,10,
361,ball-3-in-play,0361-ball-3-in-play,227066,227066,1,
362,ball-3-in-play,0362-ball-3-in-play,227083,228916,28,
363,ball-3-in-play,0363-ball-3-in-play,228933,228933,1,
364,ball-3-in-play,0364-ball-3-in-play,228966,240999,137,
365,ball-3-drained-gameover,0365-ball-3-drained-gameover,241183,241383,2,
366,ball-3-drained-gameover,0366-ball-3-drained-gameover,241399,241849,2,
367,ball-3-drained-gameover,0367-ball-3-drained-gameover,242516,242516,1,
368,ball-3-drained-gameover,0368-ball-3-drained-gameover,242549,242949,2,
369,ball-3-drained-gameover,0369-ball-3-drained-gameover,243616,244083,3,
370,ball-3-drained-gameover,0370-ball-3-drained-gameover,244716,244716,1,
371,ball-3-drained-gameover,0371-ball-3-drained-gameover,244749,246049,2,
372,ball-3-drained-gameover,0372-ball-3-drained-gameover,246083,246083,1,
373,ball-3-drained-gameover,0373-ball-3-drained-gameover,246133,246933,30,
374,ball-3-drained-gameover,0374-ball-3-drained-gameover,246949,251366,61,
375,ball-3-drained-gameover,0375-ball-3-drained-gameover,252699,252699,1,PRESS START
376,press-start-normal,0376-press-start-normal,261016,261016,1,
377,press-start-normal,0377-press-start-normal,261133,261133,1,
378,press-start-normal,0378-press-start-normal,261183,268783,325,
379,high-score-entry,0379-high-score-entry,268799,270049,61,
380,high-score-entry,0380-high-score-entry,270083,270083,1,
381,high-score-entry,0381-high-score-entry,270099,271549,3,
382,high-score-entry,0382-high-score-entry,272966,275849,4,
383,high-score-entry,0383-high-score-entry,277266,277266,1,
384,high-score-entry,0384-high-score-entry,278683,278683,1,
385,high-score-entry,0385-high-score-entry,278699,278766,2,
386,lottery,0386-lottery,278816,278866,2,
387,lottery,0387-lottery,278933,279083,4,
388,lottery,0388-lottery,279149,279316,4,
389,lottery,0389-lottery,279366,280316,26,
390,lottery,0390-lottery,280366,280366,1,
391,lottery,0391-lottery,280399,280399,1,
392,lottery,0392-lottery,281233,281233,1,
393,lottery,0393-lottery,281266,282466,12,
394,lottery,0394-lottery,283333,283333,1,
395,lottery,0395-lottery,283366,284549,12,00
396,lottery,0396-lottery,285433,285433,1,
397,lottery,0397-lottery,285466,285833,18,
398,lottery,0398-lottery,286699,286699,1,
399,lottery,0399-lottery,286733,286733,1,
400,lottery,0400-lottery,286783,288783,86,
401,attract-again,0401-attract-again,288799,295649,295,
402,attract-again,0402-attract-again,295666,295666,1,
403,attract-again,0403-attract-again,295683,295683,1,
404,attract-again,0404-attract-again,295699,295699,1,
405,attract-again,0405-attract-again,297133,297133,1,
406,attract-again,0406-attract-again,298566,298566,1,
407,attract-again,0407-attract-again,300016,301433,2,
408,attract-again,0408-attract-again,302849,302849,1,
409,attract-again,0409-attract-again,302866,303033,4,
410,attract-again,0410-attract-again,303083,303249,4,
411,attract-again,0411-attract-again,303316,304466,30,
412,attract-again,0412-attract-again,304533,304533,1,
413,attract-again,0413-attract-again,304549,304549,1,
414,attract-again,0414-attract-again,305433,308849,79,
415,attract-again,0415-attract-again,308933,314466,126,
416,attract-again,0416-attract-again,314516,314516,1,
417,attract-again,0417-attract-again,314549,314549,1,
418,attract-again,0418-attract-again,314566,314566,1,S.
419,attract-again,0419-attract-again,314599,314599,1,S.M
420,attract-again,0420-attract-again,314616,315249,23,S.MOONLIGHT / 300.000.000 / . .
421,attract-again,0421-attract-again,316149,316149,1,
422,attract-again,0422-attract-again,316166,316166,1,
423,attract-again,0423-attract-again,316199,316199,1,J.
424,attract-again,0424-attract-again,316233,317766,25,200.000.000 / . .
425,attract-again,0425-attract-again,317783,317799,2,
426,attract-again,0426-attract-again,317816,317833,2,B.
427,attract-again,0427-attract-again,317849,317883,3,B.ST
428,attract-again,0428-attract-again,317916,318516,22,B.STARWAY / 100.000.000 / . .
429,attract-again,0429-attract-again,319399,319399,1,
430,attract-again,0430-attract-again,319416,319416,1,
431,attract-again,0431-attract-again,319466,328333,387,
432,attract-again,0432-attract-again,328366,328366,1,
433,attract-again,0433-attract-again,328399,329833,3,
434,attract-again,0434-attract-again,331249,332699,2,
435,attract-again,0435-attract-again,334133,334133,1,
436,attract-again,0436-attract-again,335549,335566,2,
437,attract-again,0437-attract-again,336966,336966,1,
438,attract-again,0438-attract-again,336999,337166,4,
439,attract-again,0439-attract-again,337216,337383,4,
440,attract-again,0440-attract-again,337433,338599,30,
441,attract-again,0441-attract-again,338649,338649,1,
442,attract-again,0442-attract-again,338683,338683,1,
443,attract-again,0443-attract-again,339549,341549,30,
444,attract-again,0444-attract-again,341649,344833,66,
445,attract-again,0445-attract-again,344883,344883,1,
446,attract-again,0446-attract-again,344933,347649,63,
447,attract-again,0447-attract-again,347699,347933,9,
448,attract-again,0448-attract-again,347983,349016,20,
449,attract-again,0449-attract-again,349083,349083,1,
450,attract-again,0450-attract-again,349133,349133,1,
451,attract-again,0451-attract-again,349183,349183,1,
452,attract-again,0452-attract-again,349233,349233,1,
453,attract-again,0453-attract-again,349299,349299,1,
454,attract-again,0454-attract-again,349349,349349,1,
455,attract-again,0455-attract-again,349399,349416,2,
456,attract-again,0456-attract-again,349466,349466,1,
457,attract-again,0457-attract-again,349516,349799,12,
458,attract-again,0458-attract-again,349849,349899,2,
459,attract-again,0459-attract-again,349916,349949,2,
460,attract-again,0460-attract-again,349966,349966,1,
461,attract-again,0461-attract-again,350016,350016,1,
462,attract-again,0462-attract-again,350083,350083,1,
463,attract-again,0463-attract-again,350133,350133,1,
464,attract-again,0464-attract-again,350183,350183,1,
465,attract-again,0465-attract-again,350233,350233,1,
466,attract-again,0466-attract-again,350299,350299,1,
467,attract-again,0467-attract-again,350349,350349,1,
468,attract-again,0468-attract-again,350399,350399,1,
469,attract-again,0469-attract-again,350466,350466,1,
470,attract-again,0470-attract-again,350516,350516,1,
471,attract-again,0471-attract-again,350566,350566,1,
472,attract-again,0472-attract-again,350616,350616,1,
473,attract-again,0473-attract-again,350683,350683,1,
474,attract-again,0474-attract-again,350733,350733,1,
475,attract-again,0475-attract-again,350783,350783,1,
476,attract-again,0476-attract-again,350849,350849,1,
477,attract-again,0477-attract-again,350899,350899,1,
478,attract-again,0478-attract-again,350949,350949,1,
479,attract-again,0479-attract-again,351016,351016,1,
480,attract-again,0480-attract-again,351066,351066,1,
481,attract-again,0481-attract-again,351116,351116,1,
482,attract-again,0482-attract-again,351166,351166,1,
483,attract-again,0483-attract-again,351233,351233,1,
484,attract-again,0484-attract-again,351283,351283,1,
485,attract-again,0485-attract-again,351366,351366,1,
486,attract-again,0486-attract-again,351399,351399,1,
487,attract-again,0487-attract-again,351449,360316,385,
488,attract-again,0488-attract-again,360333,360333,1,
489,attract-again,0489-attract-again,360366,361799,3,
490,attract-again,0490-attract-again,363233,364666,2,
491,attract-again,0491-attract-again,366099,366099,1,
492,attract-again,0492-attract-again,367533,367533,1,
493,attract-again,0493-attract-again,368933,368933,1,
494,attract-again,0494-attract-again,368966,369133,4,
495,attract-again,0495-attract-again,369183,369349,4,
496,attract-again,0496-attract-again,369399,369799,14,
497,attract-again,0497-attract-again,369849,370566,16,
498,attract-again,0498-attract-again,370616,370616,1,
499,attract-again,0499-attract-again,370649,370649,1,
500,attract-again,0500-attract-again,371499,371499,1,
501,attract-again,0501-attract-again,371516,371516,1,
502,attract-again,0502-attract-again,371533,373599,13,
503,attract-again,0503-attract-again,373616,374816,13,00
504,attract-again,0504-attract-again,375699,375699,1,
505,attract-again,0505-attract-again,375716,376083,14,
506,attract-again,0506-attract-again,376966,376966,1,
507,attract-again,0507-attract-again,376999,376999,1,
508,attract-again,0508-attract-again,377049,385916,385,
509,attract-again,0509-attract-again,385933,385933,1,
510,attract-again,0510-attract-again,385966,385966,1,
511,attract-again,0511-attract-again,387399,387399,1,
512,attract-again,0512-attract-again,388833,388833,1,
513,attract-again,0513-attract-again,390266,391699,2,
514,attract-again,0514-attract-again,393099,393099,1,
515,attract-again,0515-attract-again,393133,393299,4,
516,attract-again,0516-attract-again,393349,393966,20,
517,attract-again,0517-attract-again,394016,394733,14,
518,attract-again,0518-attract-again,394783,394783,1,
519,attract-again,0519-attract-again,394816,394816,1,
520,attract-again,0520-attract-again,395699,398783,70,
521,svc-0,0521-svc-0,398849,398849,1,
522,svc-0,0522-svc-0,398866,398899,2,SOUND/VIDEO / GAME / TECHNICAL
523,svc-1,0523-svc-1,400849,400849,1,CUST
524,svc-1,0524-svc-1,400883,400883,1,VOLUME / CUSTOM MESSAGE
525,svc-4,0525-svc-4,402866,402866,1,
526,back-to-1,0526-back-to-1,404849,404849,1,CUST
527,back-to-1,0527-back-to-1,404883,406899,3,VOLUME / CUSTOM MESSAGE
528,svc-5,0528-svc-5,408849,408849,1,
529,back-to-1,0529-back-to-1,410866,410866,1,AA
530,back-to-0,0530-back-to-0,412849,415033,5,AA7
531,svc-2,0531-svc-2,416849,416999,3,AA
532,svc-31,0532-svc-31,418866,419033,4,AAD
533,back-to-2,0533-back-to-2,420849,423033,5,AAD7
534,svc-6,0534-svc-6,424849,424999,3,AAD
535,svc-27,0535-svc-27,426866,426983,3,AADC
536,back-to-6,0536-back-to-6,428849,431016,4,AADC8
537,svc-28,0537-svc-28,432849,432999,3,AADCA
538,back-to-6,0538-back-to-6,434866,436999,4,AADCA8
539,svc-29,0539-svc-29,438866,438983,3,AADCAA
540,back-to-6,0540-back-to-6,440849,440849,1,AADCAAA
541,back-to-2,0541-back-to-2,442866,444999,4,AADCAAA8
542,svc-7,0542-svc-7,446866,447016,3,AADCAAAA
543,back-to-2,0543-back-to-2,448849,451033,5,AADCAAAA7
544,svc-8,0544-svc-8,452849,452999,3,AADCAAAA
545,svc-9,0545-svc-9,454866,455033,4,AADCAAAAD
546,back-to-8,0546-back-to-8,456849,458983,4,AADCAAAAD8
547,svc-10,0547-svc-10,460849,460999,3,AADCAAAADA
548,back-to-8,0548-back-to-8,462866,464999,4,AADCAAAADA8
549,svc-11,0549-svc-11,466866,467033,4,AADCAAAADAB
550,svc-12,0550-svc-12,468849,468999,3,AADCAAAADAE
551,svc-13,0551-svc-13,470866,471033,4,AADCAAAADAI
552,back-to-12,0552-back-to-12,472849,475033,5,AADCAAAADAI7
553,svc-14,0553-svc-14,476849,476999,3,AADCAAAADAI
554,back-to-12,0554-back-to-12,478866,478866,1,AADCAAAADAI A
555,back-to-11,0555-back-to-11,480849,482983,4,AADCAAAADAI A8
556,svc-15,0556-svc-15,484849,484999,3,AADCAAAADAI AA
557,svc-16,0557-svc-16,486866,487033,4,AADCAAAADAI AE
558,back-to-15,0558-back-to-15,488849,491016,4,AADCAAAADAI AE
559,svc-17,0559-svc-17,492849,492999,3,AADCAAAADAI AE
560,back-to-15,0560-back-to-15,494866,494866,1,AADCAAAADAI AE / AA
561,back-to-11,0561-back-to-11,496849,499033,5,AADCAAAADAI AE / AA7
562,svc-18,0562-svc-18,500849,500999,3,AADCAAAADAI AE / AA
563,svc-19,0563-svc-19,502866,502983,3,AADCAAAADAI AE / AAC
564,back-to-18,0564-back-to-18,504849,507016,4,AADCAAAADAI AE / AAC8
565,svc-20,0565-svc-20,508849,508999,3,AADCAAAADAI AE / AACA
566,back-to-18,0566-back-to-18,510866,512999,4,AADCAAAADAI AE / AACA8
567,svc-21,0567-svc-21,514866,515033,4,AADCAAAADAI AE / AACAB
568,back-to-18,0568-back-to-18,516849,516849,1,AADCAAAADAI AE / AACABA
569,back-to-11,0569-back-to-11,518866,518866,1,AADCAAAADAI AE / AACABAA
570,back-to-8,0570-back-to-8,520849,520849,1,AADCAAAADAI AE / AACABAAA
571,back-to-2,0571-back-to-2,522866,522866,1,AADCAAAADAI AE / AACABAAAA
572,back-to-0,0572-back-to-0,524849,527033,5,AADCAAAADAI AE / AACABAAAA7
573,svc-3,0573-svc-3,528849,528999,3,AADCAAAADAI AE / AACABAAAA
574,svc-22,0574-svc-22,530866,532999,7,AADCAAAADAI AE / AACABAAAA9
575,svc-25,0575-svc-25,534866,535016,3,AADCAAAADAI AE / AACABAAAAB
576,back-to-22,0576-back-to-22,536849,539033,5,AADCAAAADAI AE / AACABAAAAB7
577,svc-26,0577-svc-26,540849,540999,3,AADCAAAADAI AE / AACABAAAAB
578,back-to-22,0578-back-to-22,542866,542866,1,AADCAAAADAI AE / AACABAAAAB A
579,back-to-3,0579-back-to-3,544849,546983,4,AADCAAAADAI AE / AACABAAAAB A8
580,svc-23,0580-svc-23,548849,548999,3,AADCAAAADAI AE / AACABAAAAB AA
581,back-to-3,0581-back-to-3,550866,552999,4,AADCAAAADAI AE / AACABAAAAB AA8
582,svc-30,0582-svc-30,554866,555033,4,AADCAAAADAI AE / AACABAAAAB AAB
583,back-to-3,0583-back-to-3,556849,556849,1,AADCAAAADAI AE / AACABAAAAB AAB
584,back-to-3,0584-back-to-3,556883,556916,2,VOLUME / CUSTOM MESSAGE
585,back-to-0,0585-back-to-0,558866,558933,3,SOUND/VIDEO / GAME / TECHNICAL
586,svc-root-exit,0586-svc-root-exit,560849,560849,1,
587,svc-root-exit,0587-svc-root-exit,560966,560999,2,SETTING COUNTRY / DEFAULT VALUES
588,reopen-for-svc-35,0588-reopen-for-svc-35,566183,566183,1,
589,reopen-for-svc-35,0589-reopen-for-svc-35,566233,566233,1,
590,reopen-for-svc-35,0590-reopen-for-svc-35,566299,575149,375,
591,reopen-for-svc-35,0591-reopen-for-svc-35,575166,575166,1,
592,reopen-for-svc-35,0592-reopen-for-svc-35,575199,576633,2,
593,svc-35,0593-svc-35,578083,579516,3,
594,svc-35,0594-svc-35,580933,580933,1,
595,svc-35,0595-svc-35,582383,582383,1,
596,svc-35,0596-svc-35,583783,583783,1,
597,svc-35,0597-svc-35,583799,583983,7,
598,svc-35,0598-svc-35,584033,584199,4,
599,svc-35,0599-svc-35,584249,584416,4,
600,svc-35,0600-svc-35,584466,584633,4,
601,svc-35,0601-svc-35,584699,584749,2,
602,svc-35-close,0602-svc-35-close,584799,584799,1,
603,svc-35-close,0603-svc-35-close,584849,584849,1,
604,svc-35-close,0604-svc-35-close,584883,584916,2,SOUND/VIDEO / GAME / TECHNICAL
605,reopen-for-svc-36,0605-reopen-for-svc-36,671533,671533,1,
606,reopen-for-svc-36,0606-reopen-for-svc-36,671549,671549,1,
607,reopen-for-svc-36,0607-reopen-for-svc-36,672549,672549,1,
608,reopen-for-svc-36,0608-reopen-for-svc-36,672616,681466,376,
609,reopen-for-svc-36,0609-reopen-for-svc-36,681483,681483,1,
610,reopen-for-svc-36,0610-reopen-for-svc-36,681499,681499,1,
611,reopen-for-svc-36,0611-reopen-for-svc-36,681516,682949,3,
612,reopen-for-svc-36,0612-reopen-for-svc-36,684399,685833,2,
613,reopen-for-svc-36,0613-reopen-for-svc-36,687249,687249,1,
614,svc-36,0614-svc-36,688699,688699,1,
615,svc-36,0615-svc-36,690099,690099,1,
616,svc-36,0616-svc-36,690133,690299,4,
617,svc-36,0617-svc-36,690349,690516,4,
618,svc-36,0618-svc-36,690566,690733,4,
619,svc-36,0619-svc-36,690783,690949,4,
620,svc-36,0620-svc-36,691016,691733,18,
621,svc-36,0621-svc-36,691783,691783,1,
622,svc-36,0622-svc-36,691799,691816,2,
623,svc-36,0623-svc-36,692666,692666,1,
624,svc-36,0624-svc-36,692699,693883,15,
625,svc-36,0625-svc-36,694766,694766,1,
626,svc-36,0626-svc-36,694783,694783,1,
627,svc-36-close,0627-svc-36-close,695533,695533,1,GAM
628,svc-36-close,0628-svc-36-close,695549,695549,1,SOUND/VIDEO / GAME / TECHNICAL
629,reopen-for-svc-37,0629-reopen-for-svc-37,782183,782183,1,SOUND/VIDEO / GAME / TECHNICAL
630,reopen-for-svc-37,0630-reopen-for-svc-37,782216,782216,1,
631,reopen-for-svc-37,0631-reopen-for-svc-37,783233,783233,1,
632,reopen-for-svc-37,0632-reopen-for-svc-37,783283,792149,386,
633,reopen-for-svc-37,0633-reopen-for-svc-37,792166,792166,1,
634,reopen-for-svc-37,0634-reopen-for-svc-37,792199,793633,3,
635,reopen-for-svc-37,0635-reopen-for-svc-37,795066,796499,2,
636,reopen-for-svc-37,0636-reopen-for-svc-37,797933,797933,1,
637,reopen-for-svc-37,0637-reopen-for-svc-37,799366,799366,1,
638,svc-37,0638-svc-37,800783,800783,1,
639,svc-37,0639-svc-37,800799,800966,4,
640,svc-37,0640-svc-37,801016,801183,4,
641,svc-37,0641-svc-37,801233,801399,4,
642,svc-37,0642-svc-37,801466,802399,26,
643,svc-37,0643-svc-37,802466,802466,1,
644,svc-37,0644-svc-37,802483,802483,1,
645,svc-37,0645-svc-37,803333,803333,1,
646,svc-37,0646-svc-37,803366,804549,12,
647,svc-37,0647-svc-37,805433,805433,1,
648,svc-37,0648-svc-37,805466,806649,12,00
649,svc-37,0649-svc-37,807533,807533,1,. .
650,svc-37,0650-svc-37,807549,807933,15,
651,svc-37-close,0651-svc-37-close,808199,808249,3,SOUND/VIDEO / GAME / TECHNICAL
652,reopen-for-svc-24,0652-reopen-for-svc-24,894866,894866,1,
653,reopen-for-svc-24,0653-reopen-for-svc-24,895916,895916,1,
654,reopen-for-svc-24,0654-reopen-for-svc-24,895933,895933,1,
655,reopen-for-svc-24,0655-reopen-for-svc-24,895983,904783,372,
656,svc-24,0656-svc-24,904799,904833,2,
657,svc-24,0657-svc-24,904849,904849,1,
658,svc-24,0658-svc-24,904883,909183,5,
659,svc-24,0659-svc-24,910616,910616,1,
660,svc-24,0660-svc-24,912066,912066,1,
661,svc-24-close,0661-svc-24-close,912849,912849,1,TECH
662,svc-24-close,0662-svc-24-close,912883,912916,2,SOUND/VIDEO / GAME / TECHNICAL
663,reopen-for-svc-32,0663-reopen-for-svc-32,999533,999533,1,
664,reopen-for-svc-32,0664-reopen-for-svc-32,999549,999549,1,
665,reopen-for-svc-32,0665-reopen-for-svc-32,1000616,1000616,1,
666,reopen-for-svc-32,0666-reopen-for-svc-32,1000666,1009533,378,
667,reopen-for-svc-32,0667-reopen-for-svc-32,1009549,1009549,1,
668,reopen-for-svc-32,0668-reopen-for-svc-32,1009566,1011016,3,
669,reopen-for-svc-32,0669-reopen-for-svc-32,1012449,1013883,2,
670,reopen-for-svc-32,0670-reopen-for-svc-32,1015316,1015316,1,
671,svc-32,0671-svc-32,1016749,1016749,1,
672,svc-32,0672-svc-32,1018166,1018166,1,
673,svc-32,0673-svc-32,1018183,1018349,4,
674,svc-32,0674-svc-32,1018399,1018566,4,
675,svc-32,0675-svc-32,1018616,1018783,4,
676,svc-32,0676-svc-32,1018849,1019016,4,
677,svc-32,0677-svc-32,1019066,1019833,19,
678,svc-32,0678-svc-32,1019849,1019866,2,
679,svc-32,0679-svc-32,1020716,1020716,1,
680,svc-32,0680-svc-32,1020749,1021933,13,
681,svc-32,0681-svc-32,1022816,1022816,1,
682,svc-32,0682-svc-32,1022849,1022849,1,
683,svc-32-close,0683-svc-32-close,1023533,1023533,1,GAM
684,svc-32-close,0684-svc-32-close,1023549,1023549,1,SOUND/VIDEO / GAME / TECHNICAL
685,reopen-for-svc-33,0685-reopen-for-svc-33,1110183,1110183,1,SOUND/VIDEO / GAME / TECHNICAL
686,reopen-for-svc-33,0686-reopen-for-svc-33,1110216,1110216,1,
687,reopen-for-svc-33,0687-reopen-for-svc-33,1111283,1111283,1,
688,reopen-for-svc-33,0688-reopen-for-svc-33,1111333,1120200,387,
689,reopen-for-svc-33,0689-reopen-for-svc-33,1120233,1120233,1,
690,reopen-for-svc-33,0690-reopen-for-svc-33,1120250,1121700,3,
691,reopen-for-svc-33,0691-reopen-for-svc-33,1123116,1125983,3,
692,reopen-for-svc-33,0692-reopen-for-svc-33,1126000,1126000,1,
693,reopen-for-svc-33,0693-reopen-for-svc-33,1127416,1127416,1,
694,svc-33,0694-svc-33,1128833,1128833,1,
695,svc-33,0695-svc-33,1128850,1129016,4,
696,svc-33,0696-svc-33,1129083,1129233,4,
697,svc-33,0697-svc-33,1129300,1130466,30,
698,svc-33,0698-svc-33,1130516,1130516,1,
699,svc-33,0699-svc-33,1130550,1130550,1,
700,svc-33,0700-svc-33,1131400,1131400,1,
701,svc-33,0701-svc-33,1131416,1132616,12,
702,svc-33,0702-svc-33,1133483,1133483,1,. . / . .
703,svc-33,0703-svc-33,1133500,1133500,1,
704,svc-33,0704-svc-33,1133516,1134700,13,00
705,svc-33,0705-svc-33,1135583,1135583,1,
706,svc-33,0706-svc-33,1135600,1135600,1,
707,svc-33,0707-svc-33,1135616,1135983,13,
708,svc-33-close,0708-svc-33-close,1136200,1136200,1,TECH
709,svc-33-close,0709-svc-33-close,1136233,1136250,2,SOUND/VIDEO / GAME / TECHNICAL
710,reopen-for-svc-34,0710-reopen-for-svc-34,1222866,1222866,1,
711,reopen-for-svc-34,0711-reopen-for-svc-34,1223950,1223950,1,
712,reopen-for-svc-34,0712-reopen-for-svc-34,1224016,1232850,375,
713,reopen-for-svc-34,0713-reopen-for-svc-34,1232883,1232883,1,
714,reopen-for-svc-34,0714-reopen-for-svc-34,1232916,1234350,2,
715,reopen-for-svc-34,0715-reopen-for-svc-34,1235783,1237216,2,
716,reopen-for-svc-34,0716-reopen-for-svc-34,1238650,1238650,1,
717,reopen-for-svc-34,0717-reopen-for-svc-34,1240083,1241483,2,
718,reopen-for-svc-34,0718-reopen-for-svc-34,1241500,1241500,1,
719,reopen-for-svc-34,0719-reopen-for-svc-34,1241516,1242133,20,
720,reopen-for-svc-34,0720-reopen-for-svc-34,1242183,1242350,4,
721,reopen-for-svc-34,0721-reopen-for-svc-34,1242400,1242783,8,
722,svc-34,0722-svc-34,1242850,1243116,6,
723,svc-34,0723-svc-34,1243166,1243166,1,
724,svc-34,0724-svc-34,1243200,1243200,1,
725,svc-34,0725-svc-34,1244066,1244066,1,
726,svc-34,0726-svc-34,1244083,1245266,12,
727,svc-34,0727-svc-34,1246166,1246166,1,
728,svc-34,0728-svc-34,1246183,1247366,12,00
729,svc-34,0729-svc-34,1248250,1248250,1,
730,svc-34,0730-svc-34,1248283,1249516,14,
731,svc-34,0731-svc-34,1249533,1249533,1,
732,svc-34,0732-svc-34,1249550,1250783,55,
733,svc-34-close,0733-svc-34-close,1250816,1250850,2,
734,svc-34-close,0734-svc-34-close,1250866,1250933,3,SOUND/VIDEO / GAME / TECHNICAL
735,svc-menu-final-close,0735-svc-menu-final-close,1337516,1337516,1,GAME / TECHNICAL
736,svc-menu-final-close,0736-svc-menu-final-close,1337550,1337550,1,
737,svc-menu-final-close,0737-svc-menu-final-close,1338600,1338600,1,
738,svc-menu-final-close,0738-svc-menu-final-close,1338650,1347516,378,
739,svc-menu-final-close,0739-svc-menu-final-close,1347533,1347533,1,
740,svc-menu-final-close,0740-svc-menu-final-close,1347550,1349000,3,
741,svc-menu-final-close,0741-svc-menu-final-close,1350433,1351866,2,
742,svc-menu-final-close,0742-svc-menu-final-close,1353300,1353300,1,
743,svc-menu-final-close,0743-svc-menu-final-close,1354733,1354733,1,
744,svc-menu-final-close,0744-svc-menu-final-close,1356150,1356150,1,
745,svc-menu-final-close,0745-svc-menu-final-close,1356166,1356333,4,
746,svc-menu-final-close,0746-svc-menu-final-close,1356400,1356550,4,
747,svc-menu-final-close,0747-svc-menu-final-close,1356616,1356783,4,
748,svc-menu-final-close,0748-svc-menu-final-close,1356833,1357000,4,
749,svc-menu-final-close,0749-svc-menu-final-close,1357050,1357816,20,
750,svc-menu-final-close,0750-svc-menu-final-close,1357833,1357833,1,
751,svc-menu-final-close,0751-svc-menu-final-close,1357850,1357850,1,
752,svc-menu-final-close,0752-svc-menu-final-close,1358700,1358700,1,
753,svc-menu-final-close,0753-svc-menu-final-close,1358733,1359933,13,
754,svc-menu-final-close,0754-svc-menu-final-close,1360800,1360800,1,
755,svc-menu-final-close,0755-svc-menu-final-close,1360833,1362016,12,00
756,svc-menu-final-close,0756-svc-menu-final-close,1362900,1362900,1,
757,svc-menu-final-close,0757-svc-menu-final-close,1362933,1363283,13,
758,svc-menu-final-close,0758-svc-menu-final-close,1364166,1364166,1,
759,svc-menu-final-close,0759-svc-menu-final-close,1364200,1364200,1,
760,svc-menu-final-close,0760-svc-menu-final-close,1364250,1373100,376,
761,svc-menu-final-close,0761-svc-menu-final-close,1373133,1373133,1,
762,svc-menu-final-close,0762-svc-menu-final-close,1373166,1373166,1,
763,svc-menu-final-close,0763-svc-menu-final-close,1374600,1374600,1,
764,svc-menu-final-close,0764-svc-menu-final-close,1376033,1376033,1,
765,svc-menu-final-close,0765-svc-menu-final-close,1377466,1378900,2,
766,svc-menu-final-close,0766-svc-menu-final-close,1380316,1380316,1,
767,svc-menu-final-close,0767-svc-menu-final-close,1380333,1380500,4,
768,svc-menu-final-close,0768-svc-menu-final-close,1380550,1380716,4,
769,svc-menu-final-close,0769-svc-menu-final-close,1380783,1380933,4,
770,svc-menu-final-close,0770-svc-menu-final-close,1381000,1381166,4,
771,svc-menu-final-close,0771-svc-menu-final-close,1381216,1381983,21,
772,svc-menu-final-close,0772-svc-menu-final-close,1382000,1382000,1,
773,svc-menu-final-close,0773-svc-menu-final-close,1382016,1382016,1,
774,svc-menu-final-close,0774-svc-menu-final-close,1382900,1386316,78,
775,svc-menu-final-close,0775-svc-menu-final-close,1386400,1391933,125,
776,svc-menu-final-close,0776-svc-menu-final-close,1391983,1391983,1,
777,svc-menu-final-close,0777-svc-menu-final-close,1392016,1392016,1,
778,svc-menu-final-close,0778-svc-menu-final-close,1392033,1392033,1,S.
779,svc-menu-final-close,0779-svc-menu-final-close,1392066,1392066,1,S.M
780,svc-menu-final-close,0780-svc-menu-final-close,1392083,1392716,23,S.MOONLIGHT / 300.000.000 / . .
781,svc-menu-final-close,0781-svc-menu-final-close,1393600,1393600,1,. . / . .
782,svc-menu-final-close,0782-svc-menu-final-close,1393616,1393616,1,
783,svc-menu-final-close,0783-svc-menu-final-close,1393650,1393650,1,J.
784,svc-menu-final-close,0784-svc-menu-final-close,1393683,1394350,27,J.SUNSHINE / 200.000.000 / . .
785,svc-menu-final-close,0785-svc-menu-final-close,1395233,1395233,1,
786,svc-menu-final-close,0786-svc-menu-final-close,1395250,1395250,1,
787,svc-menu-final-close,0787-svc-menu-final-close,1395283,1395283,1,B.
788,svc-menu-final-close,0788-svc-menu-final-close,1395316,1395316,1,B.S
789,svc-menu-final-close,0789-svc-menu-final-close,1395333,1395333,1,B.ST
790,svc-menu-final-close,0790-svc-menu-final-close,1395366,1395983,23,B.STARWAY / 100.000.000 / . .
791,svc-menu-final-close,0791-svc-menu-final-close,1396850,1396850,1,
792,svc-menu-final-close,0792-svc-menu-final-close,1396883,1396883,1,
793,svc-menu-final-close,0793-svc-menu-final-close,1396933,1405800,384,
794,svc-menu-final-close,0794-svc-menu-final-close,1405816,1405816,1,
795,svc-menu-final-close,0795-svc-menu-final-close,1405833,1405833,1,
796,svc-menu-final-close,0796-svc-menu-final-close,1405850,1407283,2,
797,svc-menu-final-close,0797-svc-menu-final-close,1408716,1411600,4,
798,svc-menu-final-close,0798-svc-menu-final-close,1413016,1413016,1,
799,svc-menu-final-close,0799-svc-menu-final-close,1414433,1414433,1,
800,svc-menu-final-close,0800-svc-menu-final-close,1414466,1414616,4,
801,svc-menu-final-close,0801-svc-menu-final-close,1414683,1414850,4,
802,svc-menu-final-close,0802-svc-menu-final-close,1414900,1415066,4,
803,svc-menu-final-close,0803-svc-menu-final-close,1415116,1415283,4,
804,svc-menu-final-close,0804-svc-menu-final-close,1415333,1416066,21,
805,svc-menu-final-close,0805-svc-menu-final-close,1416116,1416116,1,
806,svc-menu-final-close,0806-svc-menu-final-close,1416150,1416150,1,
807,svc-menu-final-close,0807-svc-menu-final-close,1417016,1419016,28,
808,svc-menu-final-close,0808-svc-menu-final-close,1419116,1422300,71,
809,svc-menu-final-close,0809-svc-menu-final-close,1422350,1422350,1,
810,svc-menu-final-close,0810-svc-menu-final-close,1422400,1424116,39,
811,svc-menu-done,0811-svc-menu-done,1424166,1424933,15,
812,svc-menu-done,0812-svc-menu-done,1425000,1425000,1,
813,svc-menu-done,0813-svc-menu-done,1425050,1425050,1,
814,svc-menu-done,0814-svc-menu-done,1425100,1425100,1,
815,svc-menu-done,0815-svc-menu-done,1425166,1425166,1,
816,svc-menu-done,0816-svc-menu-done,1425216,1425216,1,
817,svc-menu-done,0817-svc-menu-done,1425266,1425266,1,
818,svc-menu-done,0818-svc-menu-done,1425316,1425316,1,
819,svc-menu-done,0819-svc-menu-done,1425383,1425383,1,
820,svc-menu-done,0820-svc-menu-done,1425433,1426483,28,
821,svc-menu-done,0821-svc-menu-done,1426550,1426550,1,
822,svc-menu-done,0822-svc-menu-done,1426600,1426600,1,
823,svc-menu-done,0823-svc-menu-done,1426650,1426650,1,
824,svc-menu-done,0824-svc-menu-done,1426700,1426700,1,
825,svc-menu-done,0825-svc-menu-done,1426766,1426766,1,
826,svc-menu-done,0826-svc-menu-done,1426816,1426816,1,
827,svc-menu-done,0827-svc-menu-done,1426866,1426866,1,
828,svc-menu-done,0828-svc-menu-done,1426933,1426933,1,
829,svc-menu-done,0829-svc-menu-done,1426983,1426983,1,
830,svc-menu-done,0830-svc-menu-done,1427033,1427033,1,
831,svc-menu-done,0831-svc-menu-done,1427083,1427083,1,
832,svc-menu-done,0832-svc-menu-done,1427150,1427150,1,
833,svc-menu-done,0833-svc-menu-done,1427200,1427200,1,
834,svc-menu-done,0834-svc-menu-done,1427250,1427250,1,
835,svc-menu-done,0835-svc-menu-done,1427316,1427316,1,
836,svc-menu-done,0836-svc-menu-done,1427366,1427366,1,
837,svc-menu-done,0837-svc-menu-done,1427416,1427416,1,
838,svc-menu-done,0838-svc-menu-done,1427466,1427466,1,
839,svc-menu-done,0839-svc-menu-done,1427533,1427533,1,
840,svc-menu-done,0840-svc-menu-done,1427583,1427650,4,
841,svc-menu-done,0841-svc-menu-done,1427700,1427933,9,
842,svc-menu-done,0842-svc-menu-done,1427983,1427983,1,
843,svc-menu-done,0843-svc-menu-done,1428033,1428033,1,
844,svc-menu-done,0844-svc-menu-done,1428083,1428083,1,
845,svc-menu-done,0845-svc-menu-done,1428150,1428150,1,
846,svc-menu-done,0846-svc-menu-done,1428200,1428200,1,
847,svc-menu-done,0847-svc-menu-done,1428250,1428250,1,
848,svc-menu-done,0848-svc-menu-done,1428316,1428316,1,
849,svc-menu-done,0849-svc-menu-done,1428366,1428366,1,
850,svc-menu-done,0850-svc-menu-done,1428416,1428416,1,
851,svc-menu-done,0851-svc-menu-done,1428466,1428466,1,
852,svc-menu-done,0852-svc-menu-done,1428533,1428533,1,
853,svc-menu-done,0853-svc-menu-done,1428583,1428583,1,
854,svc-menu-done,0854-svc-menu-done,1428633,1428633,1,
855,svc-menu-done,0855-svc-menu-done,1428700,1428700,1,
856,svc-menu-done,0856-svc-menu-done,1428750,1428750,1,
857,svc-menu-done,0857-svc-menu-done,1428800,1428816,2,AADCAAAADAI AE / AACABAAAAB AAB
